1,253.90823676793,308.055120576261
2,253.90823676793,308.055120576261
3,258.172434547096,302.189587721938
4,261.724392494617,293.207936019686
5,264.459240821406,283.689483509645
6,267.879331306991,272.698176291793
7,267.867964709461,272.672041375114
8,273.1787454324,257.937576126675
9,280.13878392305,242.670216420474
10,292.704883227176,227.958598726115
11,301.796725784447,214.772169167804
12,301.796725784447,214.772169167804
13,309.397299218195,200.360341151386
14,319.970604861504,187.449971735444
15,338.411784741144,184.537465940054
16,349.213381057269,184.348017621145
17,349.212555066079,184.35545154185
18,355.90191740413,184.241150442478
19,361.496152949405,186.235019818139
20,366.066695919263,188.233655111891
21,369.241204971561,191.563092479461
22,369.257160909857,191.61899747262
23,370.872143165157,196.349288486417
24,372.025146325602,202.167136353783
25,374.006904487917,211.991944764097
26,375.764957264957,222.814228255405
27,375.758933064922,222.77277302466
28,378.640625,237.401348039216
29,381.35852225021,252.803106633081
30,381.087861271676,262.927167630058
31,379.709618874773,275.878402903811
32,379.709618874773,275.878402903811
33,369.642460173422,284.938669086509
34,359.575301472071,293.998935269208
35,349.50814277072,303.059201451906
36,339.440984069369,312.119467634604
37,329.373825368018,321.179733817302
38,319.306666666667,330.24
39,309.170114942529,329.301149425287
40,297.366402116402,324.596560846561
41,289.559196617336,319.015856236786
42,289.633403361345,319.048319327731
43,284.402864816473,312.441360787825
44,278.506130790191,303.225476839237
45,273.721500721501,291.436748436748
46,273.70472061657,291.434971098266
47,271.443199381762,278.096986089645
48,271.018838304553,266.718602825746
49,271.07167680278,253.531711555169
50,270.787969924812,239.268671679198
51,270.787969924812,239.268671679198
52,270.501651982379,225.964207048458
53,269.67264573991,209.798206278027
54,268.21736204576,196.130551816958
55,267.762931034483,188.414408866995
56,267.780111179741,188.549722050649
57,267.65022172949,183.175720620843
58,267.297555791711,178.907545164718
59,266.943374858437,177.489241223103
60,267.572164948454,179.701603665521
61,267.627507163324,179.673925501433
62,268.132567849687,181.826722338205
63,268.298126951093,187.001040582726
64,269.143824027073,195.180485053581
65,270.424514200299,202.965122072745
66,270.432984554061,202.944693572496
67,272.348341232227,213.816113744076
68,273.51884057971,227.761076604555
69,273.471802432731,244.674898636196
70,272.968270944742,260.667379679144
71,272.992854590925,260.668810289389
72,274.205306655067,274.919095258808
73,277.777280358142,286.17459429211
74,285.1494140625,303.0625
75,289.52178533475,312.417640807651
76,289.501590668081,312.425238600212
77,293.165584415584,318.450216450216
78,296.375,321.685185185185
79,297.772237196766,321.966307277628
80,298.711033274956,320.502626970228
81,298.711033274956,320.502626970228
82,299.575342465753,317.27397260274
83,300.143921345678,308.963492879961
84,300.712500225603,300.653013157182
85,301.281079105528,292.342533434404
86,301.849657985453,284.032053711625
87,302.418236865378,275.721573988846
88,302.986815745303,267.411094266067
89,303.555394625228,259.100614543289
90,304.123973505153,250.79013482051
91,304.692552385078,242.479655097731
92,305.261131265003,234.169175374953
93,305.829710144928,225.858695652174
94,305.7239488117,216.628884826325
95,308.916465863454,197.2
96,308.901442307692,197.229166666667
97,308.51825613079,188.69863760218
98,307.165115139637,185.059774620284
99,306.459235375403,183.323353293413
100,304.906723484848,185.625946969697
101,304.918181818182,185.767464114833
102,302.583646616541,188.00234962406
103,298.725284738041,194.224145785877
104,295.253812100344,202.827348745696
105,292.092592592593,213.094708994709
106,292.107822410148,213.066067653277
107,289.490898414563,224.664709336465
108,286.447976878613,234.994797687861
109,282.8128,245.3376
110,279.581453634085,255.385964912281
111,279.579869804707,255.387581372058
112,277.159554730983,264.683209647495
113,275.151989839119,274.397967823878
114,274.19794661191,283.170020533881
115,272.119487908962,289.900071123755
116,272.127304964539,289.813829787234
117,269.788511749347,295.379569190601
118,268.464824927722,297.973980083521
119,267.849170918367,298.086734693878
120,267.62913057427,296.192492781521
121,267.566074313409,296.288206785137
122,268.339847631666,292.520370983769
123,271.414597999259,285.199703593924
124,274.162025316456,277.389873417722
125,275.490265486726,269.854867256637
126,275.496243923995,269.822359699514
127,277.356311131812,259.826269212855
128,280.285644768856,247.179562043796
129,284.197790636507,234.748027354024
130,287.473471450227,222.073774633653
131,287.510337871911,222.067574382249
132,290.276212471132,210.216166281755
133,291.294473578056,200.217426381605
134,292.824305555556,190.096527777778
135,295.144310235219,181.01652892562
136,295.014340344168,181.021351179095
137,297.232872596154,174.315204326923
138,299.338386901152,172.041540327471
139,299.409627611262,171.249167423554
140,300.523693803159,171.372417982989
141,300.538929440389,171.428223844282
142,302.557966321243,173.453691709845
143,301.745140388769,178.979121670266
144,299.097122302158,191.599820143885
145,295.636636636637,212.743243243243
146,295.641083521445,212.781790820166
147,294.907020872865,225.568311195446
148,293.159436008677,237.415401301518
149,291.126477541371,248.943262411348
150,289.161372299873,261.157560355781
151,289.120978120978,261.276705276705
152,287.227979274611,272.95207253886
153,285.119106699752,282.846153846154
154,282.710960232784,292.215324927255
155,281.216905901116,300.617224880383
156,281.216905901116,300.617224880383
157,280.930200414651,306.767795438839
158,280.921503957784,310.564643799472
159,280.848084544254,310.733157199472
160,280.765698852127,310.550303848751
161,280.775303643725,310.562753036437
162,279.111875,306.805625
163,278.054512416717,300.892186553604
164,277.219482862297,292.445580276609
165,277.146496815287,282.973885350318
166,277.146496815287,282.973885350318
167,277.350355526826,273.765352294764
168,278.234714003945,261.230111768573
169,278.594249201278,246.571884984026
170,279.697703289882,232.057728119181
171,279.681168427595,232.047855811063
172,281.704406023424,217.993865030675
173,283.130872483221,204.325023969319
174,283.669632025879,192.025475131419
175,285.578347578348,182.864672364672
176,285.566642908054,182.864932287954
177,289.355870712401,175.412928759894
178,292.504702194357,169.136677115987
179,294.276782909205,166.835689601005
180,295.751954957773,166.898654989052
181,295.630167245188,166.694225307668
182,298.656279809221,168.107154213037
183,301.956005586592,172.444134078212
184,302.118775510204,179.472653061224
185,299.779877184695,188.378837978271
186,299.711364717071,188.289586305278
187,290.501788908766,213.983899821109
188,289.215587044534,225.125506072874
189,288.778523489933,235.203579418345
190,286.761261261261,244.880630630631
191,286.745208568207,244.874859075536
192,284.180171591992,253.017159199237
193,282.529118136439,261.900998336107
194,282.390058972199,270.21651221567
195,281.6038647343,277.302737520129
196,281.6038647343,277.302737520129
197,280.61856417694,282.646120377085
198,279.188888888889,286.780864197531
199,276.69576446281,289.523760330579
200,275.115489130435,288.803894927536
201,275.102123813827,288.758698599187
202,275.677625960717,287.272416737831
203,277.112565445026,282.688917975567
204,278.47191011236,274.906516853933
205,280.566314823313,264.423588802203
206,280.548209366391,264.410468319559
207,283.040337711069,253.114915572233
208,285.674761904762,240.71380952381
209,287.506218332566,228.937816674344
210,287.873563218391,216.009031198686
211,287.828099173554,216.256198347107
212,288.039082108283,203.047328791682
213,288.469968051118,192.315335463259
214,289.011158798283,182.570529327611
215,288.555292881534,174.524822695035
216,288.549894957983,174.50525210084
217,287.601610148817,167.471578433764
218,287.613187833759,163.00766194567
219,288.103669724771,161.255733944954
220,288.03441108545,161.769284064665
221,288.04532839963,161.723866790009
222,287.810262529833,164.217183770883
223,287.415760869565,167.264081027668
224,286.594293125811,172.594033722438
225,286.870422535211,180.680563380282
226,286.855934592613,180.659148576262
227,286.683666881859,191.053582956746
228,286.052218296035,204.263447192776
229,283.955483170467,221.989142236699
230,281.692041522491,238.970242214533
231,281.680998613037,238.979889042996
232,280.06027820711,253.924265842349
233,278.320481927711,266.610441767068
234,277.044357976654,277.068482490272
235,276.106491611962,286.006564551422
236,276.119708029197,286.011678832117
237,276.209302325581,292.478505990134
238,276.703289013296,296.826452064381
239,277.468707482993,299.753741496599
240,278.345170454545,299.311789772727
241,278.300847457627,299.112994350282
242,279.358197358197,296.274281274281
243,280.138475021911,291.681858019281
244,280.768403639371,280.774193548387
245,282.398568019093,268.040572792363
246,282.387917329094,268.056438791733
247,284.2062911485,254.25237746891
248,286.321403991741,239.419821059876
249,288.304294478528,224.255214723926
250,290.909940944882,207.847440944882
251,290.913920314806,207.828824397442
252,294.05237711523,193.184931506849
253,298.059495798319,178.718655462185
254,302.267605633803,165.303822937626
255,305.691447041273,154.979114868225
256,305.625809666168,155
257,308.19107706174,147.515547543939
258,310.851660198361,143.022423458387
259,311.568961841825,141.096354721808
260,311.413364746198,141.390875990576
261,311.413364746198,141.390875990576
262,311.953961930058,144.170429393537
263,312.098454221165,149.707966706302
264,311.115438498179,158.765760717288
265,307.47428347075,173.682371417354
266,307.396687697161,173.739353312303
267,296.076271186441,201.230225988701
268,293.902654867257,216.729686242961
269,291.222784810127,230.577215189873
270,289.071052631579,244.174561403509
271,288.941991341991,244.01645021645
272,287.717314487633,257.33038869258
273,286.731940818103,269.983463881636
274,285.97169089518,280.97857689365
275,286.428180574555,292.560875512996
276,286.438056125941,292.564681724846
277,287.347076923077,302.363076923077
278,287.665380374862,307.286659316428
279,287.119671289163,308.427837699024
280,286.436511983682,306.1983681795
281,286.436511983682,306.1983681795
282,285.090573986309,299.703528172722
283,283.938601174586,291.107314468767
284,283.974241556955,280.641671436749
285,284.745305164319,269.698943661972
286,284.745305164319,269.698943661972
287,285.533295711061,257.096501128668
288,286.400757166036,242.835586803678
289,286.918437963421,229.352446861097
290,288.45867589788,213.842492427521
291,288.451989619377,213.831747404844
292,290.613963797562,200.048393055042
293,293.390996784566,186.501286173633
294,295.616013532563,174.732168029321
295,296.770728008089,165.180738119312
296,296.7766548762,165.186205154118
297,297.607218186079,158.10335130068
298,298.611160714286,153.507366071429
299,299.256320070345,150.762805012091
300,299.534351145038,150.360305343511
301,299.446315329106,150.35687732342
302,299.339142091153,152.814789991063
303,298.936271025823,158.105662165364
304,298.405223687613,165.672097232997
305,297.608774038462,177.372596153846
306,297.600902255639,177.373533834586
307,296.247364457831,192.661144578313
308,293.907042253521,214.561126760563
309,290.999098286745,236.621280432822
310,288.668918918919,253.670045045045
311,288.668918918919,253.670045045045
312,285.802352941176,269.392941176471
313,283.605995717345,283.430406852248
314,283.342031686859,298.039142590867
315,284.203088803089,310.647104247104
316,284.191505791506,310.6138996139
317,284.280627640314,319.731442365721
318,283.87187666135,325.042530568846
319,284.599588265569,327.442614513639
320,285.481461864407,327.263771186441
321,285.481461864407,327.263771186441
322,284.782779966235,323.663477771525
323,283.315217391304,316.208439897698
324,282.610888710969,307.205764611689
325,283.452609158679,296.239616613419
326,283.437234042553,296.232978723404
327,284.504447268107,283.137229987293
328,286.159183673469,269.102040816327
329,287.607187112763,254.878562577447
330,288.363829787234,240.156382978723
331,288.28051391863,240.155246252677
332,287.591310751105,220.820324005891
333,286.16270661157,201.357954545455
334,285.761966927763,188.475195822454
335,287.105709876543,178.855324074074
336,287.105709876543,178.855324074074
337,289.611760538434,171.618136733971
338,292.565866320571,165.539584685269
339,294.42625,161.8278125
340,295.156134969325,161.315644171779
341,295.131182795699,161.2955453149
342,295.325948406677,163.265553869499
343,293.635855263158,169.716776315789
344,292.481821520382,178.389276533235
345,291.641152263374,188.850617283951
346,291.588089330025,188.820926385443
347,290.820990681707,202.720451201569
348,289.743429286608,219.603254067584
349,288.413006756757,237.847972972973
350,288.103333333333,251.32
351,288.12582781457,251.227373068433
352,287.146726862303,276.083521444695
353,285.116814159292,289.994690265487
354,285.216743119266,304.47247706422
355,287.296296296296,315.659439927733
356,287.28390596745,315.666365280289
357,288.906754772394,322.494860499266
358,290.851444291609,327.163686382393
359,291.016085790885,328.475871313673
360,290.109580052493,327.450131233596
361,290.115659519168,327.330734243015
362,289.006134969325,323.998636673483
363,289.028673835125,319.094982078853
364,288.891515994437,311.780250347705
365,288.492401215805,301.741641337386
366,288.492401215805,301.741641337386
367,288.087786259542,289.011450381679
368,289.593103448276,274.620689655172
369,293.361344537815,259.470588235294
370,296.496855345912,244.185534591195
371,296.485714285714,244.279365079365
372,298.79633401222,231.177189409369
373,302.575276243094,199.022790055249
374,303.884440400364,182.589626933576
375,304.96909809558,171.152712899748
376,304.961206896552,171.145474137931
377,306.511585365854,164.336890243902
378,308.596378830084,160.418105849582
379,309.479529033984,158.138078672732
380,307.530287206266,158.056396866841
381,307.531853785901,158.04908616188
382,304.081830790569,160.4479889043
383,301.907971683595,165.898122499231
384,300.615033368458,173.200210748156
385,299.54094292804,182.25682382134
386,299.535625517813,182.236122618061
387,297.636185819071,194.167726161369
388,296.169413919414,222.92032967033
389,294.004662004662,236.685314685315
390,293.032761310452,250.04368174727
391,293.163043478261,249.954968944099
392,293.348432055749,265.282229965157
393,291.57037037037,279.037037037037
394,287.655256723716,292.647921760391
395,286.270967741935,304.197419354839
396,286.270967741935,304.197419354839
397,287.266968325792,314.990045248869
398,288.638474295191,320.208126036484
399,291.58940397351,322.848628192999
400,289.812238055323,322.522212908634
401,289.798657718121,322.527684563758
402,288.120065789474,320.613486842105
403,288.771618625277,315.133037694013
404,289.869266055046,308.415137614679
405,288.087096774194,298.277419354839
